{
    "$schema": "http://schema.management.azure.com/schemas/2015-01-01/deploymentTemplate.json#",
    "contentVersion": "1.0.0.0",
    "parameters": {
        "factoryName": {
            "type": "string",
            "metadata": "Data Factory name",
            "defaultValue": "team2datafactoryoh"
        },
        "SQLDB_connectionString": {
            "type": "secureString",
            "metadata": "Secure string for 'connectionString' of 'SQLDB'"
        },
        "cosmosDB_connectionString": {
            "type": "secureString",
            "metadata": "Secure string for 'connectionString' of 'cosmosDB'"
        },
        "AzureBlobStorage_connectionString": {
            "type": "secureString",
            "metadata": "Secure string for 'connectionString' of 'AzureBlobStorage'"
        },
        "ADLSTeam2_accountKey": {
            "type": "secureString",
            "metadata": "Secure string for 'accountKey' of 'ADLSTeam2'"
        },
        "ADLSTeam2_properties_typeProperties_url": {
            "type": "string",
            "defaultValue": "https://team2storage.dfs.core.windows.net"
        }
    },
    "variables": {
        "factoryId": "[concat('Microsoft.DataFactory/factories/', parameters('factoryName'))]"
    },
    "resources": [
        {
            "name": "[concat(parameters('factoryName'), '/SQLDB')]",
            "type": "Microsoft.DataFactory/factories/linkedServices",
            "apiVersion": "2018-06-01",
            "properties": {
                "annotations": [],
                "type": "AzureSqlDatabase",
                "typeProperties": {
                    "connectionString": "[parameters('SQLDB_connectionString')]"
                }
            },
            "dependsOn": []
        },
        {
            "name": "[concat(parameters('factoryName'), '/cosmosDB')]",
            "type": "Microsoft.DataFactory/factories/linkedServices",
            "apiVersion": "2018-06-01",
            "properties": {
                "annotations": [],
                "type": "CosmosDb",
                "typeProperties": {
                    "connectionString": "[parameters('cosmosDB_connectionString')]"
                }
            },
            "dependsOn": []
        },
        {
            "name": "[concat(parameters('factoryName'), '/AzureBlobStorage')]",
            "type": "Microsoft.DataFactory/factories/linkedServices",
            "apiVersion": "2018-06-01",
            "properties": {
                "annotations": [],
                "type": "AzureBlobStorage",
                "typeProperties": {
                    "connectionString": "[parameters('AzureBlobStorage_connectionString')]"
                }
            },
            "dependsOn": []
        },
        {
            "name": "[concat(parameters('factoryName'), '/AzureIR')]",
            "type": "Microsoft.DataFactory/factories/integrationRuntimes",
            "apiVersion": "2018-06-01",
            "properties": {
                "type": "Managed",
                "typeProperties": {
                    "computeProperties": {
                        "location": "AutoResolve",
                        "dataFlowProperties": {
                            "computeType": "General",
                            "coreCount": 8,
                            "timeToLive": 30,
                            "cleanup": false
                        }
                    }
                }
            },
            "dependsOn": []
        },
        {
            "name": "[concat(parameters('factoryName'), '/ADLSTeam2')]",
            "type": "Microsoft.DataFactory/factories/linkedServices",
            "apiVersion": "2018-06-01",
            "properties": {
                "annotations": [],
                "type": "AzureBlobFS",
                "typeProperties": {
                    "url": "[parameters('ADLSTeam2_properties_typeProperties_url')]",
                    "accountKey": {
                        "type": "SecureString",
                        "value": "[parameters('ADLSTeam2_accountKey')]"
                    }
                },
                "connectVia": {
                    "referenceName": "AzureIR",
                    "type": "IntegrationRuntimeReference"
                }
            },
            "dependsOn": [
                "[concat(variables('factoryId'), '/integrationRuntimes/AzureIR')]"
            ]
        },
        {
            "name": "[concat(parameters('factoryName'), '/DestinationDataset_txr')]",
            "type": "Microsoft.DataFactory/factories/datasets",
            "apiVersion": "2018-06-01",
            "properties": {
                "linkedServiceName": {
                    "referenceName": "cosmosDB",
                    "type": "LinkedServiceReference"
                },
                "parameters": {
                    "cw_collectionName": {
                        "type": "String"
                    }
                },
                "annotations": [],
                "type": "CosmosDbSqlApiCollection",
                "schema": {},
                "typeProperties": {
                    "collectionName": {
                        "value": "@dataset().cw_collectionName",
                        "type": "Expression"
                    }
                }
            },
            "dependsOn": [
                "[concat(variables('factoryId'), '/linkedServices/cosmosDB')]"
            ]
        },
        {
            "name": "[concat(parameters('factoryName'), '/SourceDataset_txr')]",
            "type": "Microsoft.DataFactory/factories/datasets",
            "apiVersion": "2018-06-01",
            "properties": {
                "linkedServiceName": {
                    "referenceName": "SQLDB",
                    "type": "LinkedServiceReference"
                },
                "parameters": {
                    "cw_table": {
                        "type": "String"
                    }
                },
                "annotations": [],
                "type": "AzureSqlTable",
                "schema": [],
                "typeProperties": {
                    "schema": "dbo",
                    "table": {
                        "value": "@dataset().cw_table",
                        "type": "Expression"
                    }
                }
            },
            "dependsOn": [
                "[concat(variables('factoryId'), '/linkedServices/SQLDB')]"
            ]
        },
        {
            "name": "[concat(parameters('factoryName'), '/OrdersDF')]",
            "type": "Microsoft.DataFactory/factories/datasets",
            "apiVersion": "2018-06-01",
            "properties": {
                "linkedServiceName": {
                    "referenceName": "cosmosDB",
                    "type": "LinkedServiceReference"
                },
                "annotations": [],
                "type": "CosmosDbSqlApiCollection",
                "schema": {
                    "type": "object",
                    "properties": {
                        "OrderId": {
                            "type": "integer"
                        },
                        "OrderDate": {
                            "type": "string"
                        },
                        "FirstName": {
                            "type": "string"
                        },
                        "LastName": {
                            "type": "string"
                        },
                        "Address": {
                            "type": "string"
                        },
                        "City": {
                            "type": "string"
                        },
                        "State": {
                            "type": "string"
                        },
                        "PostalCode": {
                            "type": "string"
                        },
                        "Country": {
                            "type": "string"
                        },
                        "Phone": {
                            "type": "string"
                        },
                        "SMSOptIn": {
                            "type": "boolean"
                        },
                        "SMSStatus": {
                            "type": "null"
                        },
                        "Email": {
                            "type": "string"
                        },
                        "ReceiptUrl": {
                            "type": "null"
                        },
                        "Total": {
                            "type": "number"
                        },
                        "PaymentTransactionId": {
                            "type": "string"
                        },
                        "HasBeenShipped": {
                            "type": "boolean"
                        }
                    }
                },
                "typeProperties": {
                    "collectionName": "Orders"
                }
            },
            "dependsOn": [
                "[concat(variables('factoryId'), '/linkedServices/cosmosDB')]"
            ]
        },
        {
            "name": "[concat(parameters('factoryName'), '/CartitemCosmosDB')]",
            "type": "Microsoft.DataFactory/factories/datasets",
            "apiVersion": "2018-06-01",
            "properties": {
                "linkedServiceName": {
                    "referenceName": "cosmosDB",
                    "type": "LinkedServiceReference"
                },
                "annotations": [],
                "type": "CosmosDbSqlApiCollection",
                "schema": {},
                "typeProperties": {
                    "collectionName": "Cartitem"
                }
            },
            "dependsOn": [
                "[concat(variables('factoryId'), '/linkedServices/cosmosDB')]"
            ]
        },
        {
            "name": "[concat(parameters('factoryName'), '/Cartitem')]",
            "type": "Microsoft.DataFactory/factories/datasets",
            "apiVersion": "2018-06-01",
            "properties": {
                "linkedServiceName": {
                    "referenceName": "SQLDB",
                    "type": "LinkedServiceReference"
                },
                "annotations": [],
                "type": "AzureSqlTable",
                "schema": [
                    {
                        "name": "CartItemId",
                        "type": "varchar"
                    },
                    {
                        "name": "CartId",
                        "type": "varchar"
                    },
                    {
                        "name": "ItemId",
                        "type": "int",
                        "precision": 10
                    },
                    {
                        "name": "Quantity",
                        "type": "int",
                        "precision": 10
                    },
                    {
                        "name": "DateCreated",
                        "type": "datetime",
                        "precision": 23,
                        "scale": 3
                    }
                ],
                "typeProperties": {
                    "schema": "dbo",
                    "table": "Cartitem"
                }
            },
            "dependsOn": [
                "[concat(variables('factoryId'), '/linkedServices/SQLDB')]"
            ]
        },
        {
            "name": "[concat(parameters('factoryName'), '/UsersDF')]",
            "type": "Microsoft.DataFactory/factories/datasets",
            "apiVersion": "2018-06-01",
            "properties": {
                "linkedServiceName": {
                    "referenceName": "cosmosDB",
                    "type": "LinkedServiceReference"
                },
                "annotations": [],
                "type": "CosmosDbSqlApiCollection",
                "schema": {
                    "type": "object",
                    "properties": {
                        "UserId": {
                            "type": "integer"
                        },
                        "Name": {
                            "type": "string"
                        },
                        "Email": {
                            "type": "string"
                        },
                        "CategoryId": {
                            "type": "integer"
                        },
                        "Personality": {
                            "type": "null"
                        }
                    }
                },
                "typeProperties": {
                    "collectionName": "User"
                }
            },
            "dependsOn": [
                "[concat(variables('factoryId'), '/linkedServices/cosmosDB')]"
            ]
        },
        {
            "name": "[concat(parameters('factoryName'), '/ItemSQL')]",
            "type": "Microsoft.DataFactory/factories/datasets",
            "apiVersion": "2018-06-01",
            "properties": {
                "linkedServiceName": {
                    "referenceName": "SQLDB",
                    "type": "LinkedServiceReference"
                },
                "annotations": [],
                "type": "AzureSqlTable",
                "schema": [
                    {
                        "name": "ItemId",
                        "type": "int",
                        "precision": 10
                    },
                    {
                        "name": "VoteCount",
                        "type": "int",
                        "precision": 10
                    },
                    {
                        "name": "ProductName",
                        "type": "varchar"
                    },
                    {
                        "name": "ImdbId",
                        "type": "int",
                        "precision": 10
                    },
                    {
                        "name": "Description",
                        "type": "varchar"
                    },
                    {
                        "name": "ImagePath",
                        "type": "varchar"
                    },
                    {
                        "name": "ThumbnailPath",
                        "type": "varchar"
                    },
                    {
                        "name": "UnitPrice",
                        "type": "decimal",
                        "precision": 18,
                        "scale": 2
                    },
                    {
                        "name": "CategoryId",
                        "type": "int",
                        "precision": 10
                    },
                    {
                        "name": "Category",
                        "type": "varchar"
                    },
                    {
                        "name": "Popularity",
                        "type": "decimal",
                        "precision": 18,
                        "scale": 2
                    },
                    {
                        "name": "OriginalLanguage",
                        "type": "varchar"
                    },
                    {
                        "name": "ReleaseDate",
                        "type": "date"
                    },
                    {
                        "name": "VoteAverage",
                        "type": "decimal",
                        "precision": 18,
                        "scale": 2
                    }
                ],
                "typeProperties": {
                    "schema": "dbo",
                    "table": "Item"
                }
            },
            "dependsOn": [
                "[concat(variables('factoryId'), '/linkedServices/SQLDB')]"
            ]
        },
        {
            "name": "[concat(parameters('factoryName'), '/ItemCosmosDB')]",
            "type": "Microsoft.DataFactory/factories/datasets",
            "apiVersion": "2018-06-01",
            "properties": {
                "linkedServiceName": {
                    "referenceName": "cosmosDB",
                    "type": "LinkedServiceReference"
                },
                "annotations": [],
                "type": "CosmosDbSqlApiCollection",
                "schema": {
                    "type": "object",
                    "properties": {
                        "ItemId": {
                            "type": "integer"
                        },
                        "VoteCount": {
                            "type": "integer"
                        },
                        "ProductName": {
                            "type": "string"
                        },
                        "ImdbId": {
                            "type": "integer"
                        },
                        "Description": {
                            "type": "string"
                        },
                        "ImagePath": {
                            "type": "string"
                        },
                        "ThumbnailPath": {
                            "type": "null"
                        },
                        "UnitPrice": {
                            "type": "number"
                        },
                        "CategoryId": {
                            "type": "integer"
                        },
                        "Category": {
                            "type": "null"
                        },
                        "Popularity": {
                            "type": "number"
                        },
                        "OriginalLanguage": {
                            "type": "string"
                        },
                        "ReleaseDate": {
                            "type": "string"
                        },
                        "VoteAverage": {
                            "type": "number"
                        }
                    }
                },
                "typeProperties": {
                    "collectionName": "Item"
                }
            },
            "dependsOn": [
                "[concat(variables('factoryId'), '/linkedServices/cosmosDB')]"
            ]
        },
        {
            "name": "[concat(parameters('factoryName'), '/ItemAggregateCosmosDB')]",
            "type": "Microsoft.DataFactory/factories/datasets",
            "apiVersion": "2018-06-01",
            "properties": {
                "linkedServiceName": {
                    "referenceName": "cosmosDB",
                    "type": "LinkedServiceReference"
                },
                "annotations": [],
                "type": "CosmosDbSqlApiCollection",
                "schema": {
                    "type": "object",
                    "properties": {
                        "ItemId": {
                            "type": "integer"
                        },
                        "BuyCount": {
                            "type": "integer"
                        },
                        "ViewDetailsCount": {
                            "type": "integer"
                        },
                        "AddToCartCount": {
                            "type": "integer"
                        },
                        "VoteCount": {
                            "type": "integer"
                        }
                    }
                },
                "typeProperties": {
                    "collectionName": "ItemAggregate"
                }
            },
            "dependsOn": [
                "[concat(variables('factoryId'), '/linkedServices/cosmosDB')]"
            ]
        },
        {
            "name": "[concat(parameters('factoryName'), '/ItemAggregate')]",
            "type": "Microsoft.DataFactory/factories/datasets",
            "apiVersion": "2018-06-01",
            "properties": {
                "linkedServiceName": {
                    "referenceName": "SQLDB",
                    "type": "LinkedServiceReference"
                },
                "annotations": [],
                "type": "AzureSqlTable",
                "schema": [
                    {
                        "name": "id",
                        "type": "varchar"
                    },
                    {
                        "name": "ItemId",
                        "type": "int",
                        "precision": 10
                    },
                    {
                        "name": "BuyCount",
                        "type": "int",
                        "precision": 10
                    },
                    {
                        "name": "ViewDetailsCount",
                        "type": "int",
                        "precision": 10
                    },
                    {
                        "name": "AddToCartCount",
                        "type": "int",
                        "precision": 10
                    },
                    {
                        "name": "VoteCount",
                        "type": "int",
                        "precision": 10
                    }
                ],
                "typeProperties": {
                    "schema": "dbo",
                    "table": "vwItemAggregate"
                }
            },
            "dependsOn": [
                "[concat(variables('factoryId'), '/linkedServices/SQLDB')]"
            ]
        },
        {
            "name": "[concat(parameters('factoryName'), '/CosmosCategory')]",
            "type": "Microsoft.DataFactory/factories/datasets",
            "apiVersion": "2018-06-01",
            "properties": {
                "linkedServiceName": {
                    "referenceName": "cosmosDB",
                    "type": "LinkedServiceReference"
                },
                "annotations": [],
                "type": "CosmosDbSqlApiCollection",
                "schema": {
                    "type": "object",
                    "properties": {
                        "CategoryId": {
                            "type": "integer"
                        },
                        "CategoryName": {
                            "type": "string"
                        },
                        "Description": {
                            "type": "null"
                        },
                        "Products": {
                            "type": "null"
                        }
                    }
                },
                "typeProperties": {
                    "collectionName": "Category"
                }
            },
            "dependsOn": [
                "[concat(variables('factoryId'), '/linkedServices/cosmosDB')]"
            ]
        },
        {
            "name": "[concat(parameters('factoryName'), '/CosmosOrderDetails')]",
            "type": "Microsoft.DataFactory/factories/datasets",
            "apiVersion": "2018-06-01",
            "properties": {
                "linkedServiceName": {
                    "referenceName": "cosmosDB",
                    "type": "LinkedServiceReference"
                },
                "annotations": [],
                "type": "CosmosDbSqlApiCollection",
                "schema": {
                    "type": "object",
                    "properties": {
                        "OrderDetailId": {
                            "type": "integer"
                        },
                        "OrderId": {
                            "type": "integer"
                        },
                        "Email": {
                            "type": "string"
                        },
                        "ProductId": {
                            "type": "integer"
                        },
                        "Quantity": {
                            "type": "integer"
                        },
                        "UnitPrice": {
                            "type": "number"
                        }
                    }
                },
                "typeProperties": {
                    "collectionName": "OrderDetails"
                }
            },
            "dependsOn": [
                "[concat(variables('factoryId'), '/linkedServices/cosmosDB')]"
            ]
        },
        {
            "name": "[concat(parameters('factoryName'), '/EventCosmosDB')]",
            "type": "Microsoft.DataFactory/factories/datasets",
            "apiVersion": "2018-06-01",
            "properties": {
                "linkedServiceName": {
                    "referenceName": "cosmosDB",
                    "type": "LinkedServiceReference"
                },
                "annotations": [],
                "type": "CosmosDbSqlApiCollection",
                "schema": {
                    "type": "object",
                    "properties": {
                        "event": {
                            "type": "string"
                        },
                        "userId": {
                            "type": "integer"
                        },
                        "itemId": {
                            "type": "integer"
                        },
                        "orderId": {
                            "type": "null"
                        },
                        "contentId": {
                            "type": "integer"
                        },
                        "sessionId": {
                            "type": "string"
                        },
                        "created": {
                            "type": "string"
                        },
                        "region": {
                            "type": "null"
                        }
                    }
                },
                "typeProperties": {
                    "collectionName": "Event"
                }
            },
            "dependsOn": [
                "[concat(variables('factoryId'), '/linkedServices/cosmosDB')]"
            ]
        },
        {
            "name": "[concat(parameters('factoryName'), '/Event')]",
            "type": "Microsoft.DataFactory/factories/datasets",
            "apiVersion": "2018-06-01",
            "properties": {
                "linkedServiceName": {
                    "referenceName": "SQLDB",
                    "type": "LinkedServiceReference"
                },
                "annotations": [],
                "type": "AzureSqlTable",
                "schema": [
                    {
                        "name": "id",
                        "type": "varchar"
                    },
                    {
                        "name": "event",
                        "type": "varchar"
                    },
                    {
                        "name": "userId",
                        "type": "int",
                        "precision": 10
                    },
                    {
                        "name": "itemId",
                        "type": "int",
                        "precision": 10
                    },
                    {
                        "name": "orderId",
                        "type": "int",
                        "precision": 10
                    },
                    {
                        "name": "contentId",
                        "type": "int",
                        "precision": 10
                    },
                    {
                        "name": "sessionId",
                        "type": "varchar"
                    },
                    {
                        "name": "created",
                        "type": "datetime2",
                        "scale": 7
                    },
                    {
                        "name": "region",
                        "type": "varchar"
                    }
                ],
                "typeProperties": {
                    "schema": "dbo",
                    "table": "Event"
                }
            },
            "dependsOn": [
                "[concat(variables('factoryId'), '/linkedServices/SQLDB')]"
            ]
        },
        {
            "name": "[concat(parameters('factoryName'), '/Category_Improve')]",
            "type": "Microsoft.DataFactory/factories/datasets",
            "apiVersion": "2018-06-01",
            "properties": {
                "linkedServiceName": {
                    "referenceName": "cosmosDB",
                    "type": "LinkedServiceReference"
                },
                "annotations": [],
                "type": "CosmosDbSqlApiCollection",
                "schema": {},
                "typeProperties": {
                    "collectionName": "Category_Improve"
                }
            },
            "dependsOn": [
                "[concat(variables('factoryId'), '/linkedServices/cosmosDB')]"
            ]
        }
    ]
}