{
    "$schema": "http://schema.management.azure.com/schemas/2015-01-01/deploymentTemplate.json#",
    "contentVersion": "1.0.0.0",
    "parameters": {
        "factoryName": {
            "type": "string",
            "metadata": "Data Factory name",
            "defaultValue": "team2datafactoryoh"
        }
    },
    "variables": {
        "factoryId": "[concat('Microsoft.DataFactory/factories/', parameters('factoryName'))]"
    },
    "resources": [
        {
            "name": "[concat(parameters('factoryName'), '/embOrderDetails')]",
            "type": "Microsoft.DataFactory/factories/datasets",
            "apiVersion": "2018-06-01",
            "properties": {
                "linkedServiceName": {
                    "referenceName": "cosmosDB",
                    "type": "LinkedServiceReference"
                },
                "annotations": [],
                "type": "CosmosDbSqlApiCollection",
                "schema": {},
                "typeProperties": {
                    "collectionName": "embOrderDetails"
                }
            },
            "dependsOn": []
        },
        {
            "name": "[concat(parameters('factoryName'), '/vwembOrderDetails')]",
            "type": "Microsoft.DataFactory/factories/datasets",
            "apiVersion": "2018-06-01",
            "properties": {
                "linkedServiceName": {
                    "referenceName": "SQLDB",
                    "type": "LinkedServiceReference"
                },
                "annotations": [],
                "type": "AzureSqlTable",
                "schema": [],
                "typeProperties": {}
            },
            "dependsOn": []
        },
        {
            "name": "[concat(parameters('factoryName'), '/SQLToJson')]",
            "type": "Microsoft.DataFactory/factories/datasets",
            "apiVersion": "2018-06-01",
            "properties": {
                "linkedServiceName": {
                    "referenceName": "SQLDB",
                    "type": "LinkedServiceReference"
                },
                "annotations": [],
                "type": "AzureSqlTable",
                "schema": [],
                "typeProperties": {}
            },
            "dependsOn": []
        },
        {
            "name": "[concat(parameters('factoryName'), '/Json')]",
            "type": "Microsoft.DataFactory/factories/datasets",
            "apiVersion": "2018-06-01",
            "properties": {
                "linkedServiceName": {
                    "referenceName": "AzureBlobStorage",
                    "type": "LinkedServiceReference"
                },
                "annotations": [],
                "type": "Json",
                "typeProperties": {
                    "location": {
                        "type": "AzureBlobStorageLocation",
                        "fileName": "Test42.json",
                        "folderPath": "Orders",
                        "container": "json"
                    }
                },
                "schema": {}
            },
            "dependsOn": []
        },
        {
            "name": "[concat(parameters('factoryName'), '/SQLToJsonDelimitedText')]",
            "type": "Microsoft.DataFactory/factories/datasets",
            "apiVersion": "2018-06-01",
            "properties": {
                "linkedServiceName": {
                    "referenceName": "AzureBlobStorage",
                    "type": "LinkedServiceReference"
                },
                "annotations": [],
                "type": "DelimitedText",
                "typeProperties": {
                    "location": {
                        "type": "AzureBlobStorageLocation",
                        "fileName": "Test42.json",
                        "folderPath": "Orders",
                        "container": "json"
                    },
                    "columnDelimiter": "\t",
                    "escapeChar": "\\",
                    "quoteChar": ""
                },
                "schema": []
            },
            "dependsOn": []
        },
        {
            "name": "[concat(parameters('factoryName'), '/CosmosDbSqlApiCollection1')]",
            "type": "Microsoft.DataFactory/factories/datasets",
            "apiVersion": "2018-06-01",
            "properties": {
                "linkedServiceName": {
                    "referenceName": "cosmosDB",
                    "type": "LinkedServiceReference"
                },
                "annotations": [],
                "type": "CosmosDbSqlApiCollection",
                "schema": {},
                "typeProperties": {
                    "collectionName": "TestembOrderDetails"
                }
            },
            "dependsOn": []
        },
        {
            "name": "[concat(parameters('factoryName'), '/ItemCategory')]",
            "type": "Microsoft.DataFactory/factories/datasets",
            "apiVersion": "2018-06-01",
            "properties": {
                "linkedServiceName": {
                    "referenceName": "cosmosDB",
                    "type": "LinkedServiceReference"
                },
                "annotations": [],
                "type": "CosmosDbSqlApiCollection",
                "schema": {},
                "typeProperties": {
                    "collectionName": "ItemCategory"
                }
            },
            "dependsOn": []
        },
        {
            "name": "[concat(parameters('factoryName'), '/OrdersDF')]",
            "type": "Microsoft.DataFactory/factories/dataflows",
            "apiVersion": "2018-06-01",
            "properties": {
                "type": "MappingDataFlow",
                "typeProperties": {
                    "sources": [
                        {
                            "linkedService": {
                                "referenceName": "SQLDB",
                                "type": "LinkedServiceReference"
                            },
                            "name": "SQLOrders"
                        }
                    ],
                    "sinks": [
                        {
                            "dataset": {
                                "referenceName": "OrdersDF",
                                "type": "DatasetReference"
                            },
                            "name": "CosmosOrders"
                        }
                    ],
                    "transformations": [],
                    "script": "source(allowSchemaDrift: true,\n\tvalidateSchema: false,\n\tformat: 'table',\n\tstore: 'sqlserver',\n\tschemaName: 'dbo',\n\ttableName: 'Orders',\n\tisolationLevel: 'READ_UNCOMMITTED') ~> SQLOrders\nSQLOrders sink(allowSchemaDrift: true,\n\tvalidateSchema: false,\n\tinput(\n\t\tOrderId as integer,\n\t\tOrderDate as string,\n\t\tFirstName as string,\n\t\tLastName as string,\n\t\tAddress as string,\n\t\tCity as string,\n\t\tState as string,\n\t\tPostalCode as string,\n\t\tCountry as string,\n\t\tPhone as string,\n\t\tSMSOptIn as boolean,\n\t\tSMSStatus as string,\n\t\tEmail as string,\n\t\tReceiptUrl as string,\n\t\tTotal as double,\n\t\tPaymentTransactionId as string,\n\t\tHasBeenShipped as boolean\n\t),\n\tdeletable:false,\n\tinsertable:true,\n\tupdateable:false,\n\tupsertable:false,\n\trecreate:true,\n\tformat: 'document',\n\tpartitionKey: ['/OrderId'],\n\tthroughput: 400,\n\tskipDuplicateMapInputs: true,\n\tskipDuplicateMapOutputs: true) ~> CosmosOrders"
                }
            },
            "dependsOn": []
        },
        {
            "name": "[concat(parameters('factoryName'), '/UsersDF')]",
            "type": "Microsoft.DataFactory/factories/dataflows",
            "apiVersion": "2018-06-01",
            "properties": {
                "type": "MappingDataFlow",
                "typeProperties": {
                    "sources": [
                        {
                            "linkedService": {
                                "referenceName": "SQLDB",
                                "type": "LinkedServiceReference"
                            },
                            "name": "SQLUsers"
                        }
                    ],
                    "sinks": [
                        {
                            "dataset": {
                                "referenceName": "UsersDF",
                                "type": "DatasetReference"
                            },
                            "name": "CosmosUser"
                        }
                    ],
                    "transformations": [],
                    "script": "source(allowSchemaDrift: true,\n\tvalidateSchema: false,\n\tformat: 'table',\n\tstore: 'sqlserver',\n\tschemaName: 'dbo',\n\ttableName: 'User',\n\tisolationLevel: 'READ_UNCOMMITTED') ~> SQLUsers\nSQLUsers sink(allowSchemaDrift: true,\n\tvalidateSchema: false,\n\tinput(\n\t\tUserId as integer,\n\t\tName as string,\n\t\tEmail as string,\n\t\tCategoryId as integer,\n\t\tPersonality as string\n\t),\n\tdeletable:false,\n\tinsertable:true,\n\tupdateable:false,\n\tupsertable:false,\n\trecreate:true,\n\tformat: 'document',\n\tpartitionKey: ['/UserId'],\n\tthroughput: 400,\n\tskipDuplicateMapInputs: true,\n\tskipDuplicateMapOutputs: true) ~> CosmosUser"
                }
            },
            "dependsOn": []
        },
        {
            "name": "[concat(parameters('factoryName'), '/CartitemDF')]",
            "type": "Microsoft.DataFactory/factories/dataflows",
            "apiVersion": "2018-06-01",
            "properties": {
                "type": "MappingDataFlow",
                "typeProperties": {
                    "sources": [
                        {
                            "dataset": {
                                "referenceName": "Cartitem",
                                "type": "DatasetReference"
                            },
                            "name": "Cartitem"
                        }
                    ],
                    "sinks": [
                        {
                            "dataset": {
                                "referenceName": "CartitemCosmosDB",
                                "type": "DatasetReference"
                            },
                            "name": "SInk"
                        }
                    ],
                    "transformations": [],
                    "script": "source(output(\n\t\tCartItemId as string,\n\t\tCartId as string,\n\t\tItemId as integer,\n\t\tQuantity as integer,\n\t\tDateCreated as timestamp\n\t),\n\tallowSchemaDrift: true,\n\tvalidateSchema: false,\n\tisolationLevel: 'READ_UNCOMMITTED',\n\tformat: 'table') ~> Cartitem\nCartitem sink(allowSchemaDrift: true,\n\tvalidateSchema: false,\n\tdeletable:false,\n\tinsertable:true,\n\tupdateable:false,\n\tupsertable:false,\n\trecreate:true,\n\tformat: 'document',\n\tpartitionKey: ['/CartItemId'],\n\tthroughput: 400,\n\tskipDuplicateMapInputs: true,\n\tskipDuplicateMapOutputs: true) ~> SInk"
                }
            },
            "dependsOn": []
        },
        {
            "name": "[concat(parameters('factoryName'), '/ItemDF')]",
            "type": "Microsoft.DataFactory/factories/dataflows",
            "apiVersion": "2018-06-01",
            "properties": {
                "type": "MappingDataFlow",
                "typeProperties": {
                    "sources": [
                        {
                            "dataset": {
                                "referenceName": "ItemSQL",
                                "type": "DatasetReference"
                            },
                            "name": "Item"
                        }
                    ],
                    "sinks": [
                        {
                            "dataset": {
                                "referenceName": "ItemCosmosDB",
                                "type": "DatasetReference"
                            },
                            "name": "SInk"
                        }
                    ],
                    "transformations": [],
                    "script": "source(output(\n\t\tItemId as integer,\n\t\tVoteCount as integer,\n\t\tProductName as string,\n\t\tImdbId as integer,\n\t\tDescription as string,\n\t\tImagePath as string,\n\t\tThumbnailPath as string,\n\t\tUnitPrice as decimal(18,2),\n\t\tCategoryId as integer,\n\t\tCategory as string,\n\t\tPopularity as decimal(18,2),\n\t\tOriginalLanguage as string,\n\t\tReleaseDate as date,\n\t\tVoteAverage as decimal(18,2)\n\t),\n\tallowSchemaDrift: true,\n\tvalidateSchema: false,\n\tisolationLevel: 'READ_UNCOMMITTED',\n\tformat: 'table') ~> Item\nItem sink(allowSchemaDrift: true,\n\tvalidateSchema: false,\n\tinput(\n\t\tItemId as integer,\n\t\tVoteCount as integer,\n\t\tProductName as string,\n\t\tImdbId as integer,\n\t\tDescription as string,\n\t\tImagePath as string,\n\t\tThumbnailPath as string,\n\t\tUnitPrice as double,\n\t\tCategoryId as integer,\n\t\tCategory as string,\n\t\tPopularity as double,\n\t\tOriginalLanguage as string,\n\t\tReleaseDate as string,\n\t\tVoteAverage as double\n\t),\n\tdeletable:false,\n\tinsertable:true,\n\tupdateable:false,\n\tupsertable:false,\n\trecreate:true,\n\tformat: 'document',\n\tpartitionKey: ['/ItemId'],\n\tthroughput: 400,\n\tskipDuplicateMapInputs: true,\n\tskipDuplicateMapOutputs: true) ~> SInk"
                }
            },
            "dependsOn": []
        },
        {
            "name": "[concat(parameters('factoryName'), '/ItemAggregateDF')]",
            "type": "Microsoft.DataFactory/factories/dataflows",
            "apiVersion": "2018-06-01",
            "properties": {
                "type": "MappingDataFlow",
                "typeProperties": {
                    "sources": [
                        {
                            "dataset": {
                                "referenceName": "ItemAggregate",
                                "type": "DatasetReference"
                            },
                            "name": "ItemAggregate"
                        }
                    ],
                    "sinks": [
                        {
                            "dataset": {
                                "referenceName": "ItemAggregateCosmosDB",
                                "type": "DatasetReference"
                            },
                            "name": "SInk"
                        }
                    ],
                    "transformations": [],
                    "script": "source(output(\n\t\tid as string,\n\t\tItemId as integer,\n\t\tBuyCount as integer,\n\t\tViewDetailsCount as integer,\n\t\tAddToCartCount as integer,\n\t\tVoteCount as integer\n\t),\n\tallowSchemaDrift: true,\n\tvalidateSchema: false,\n\tisolationLevel: 'READ_UNCOMMITTED',\n\tformat: 'table') ~> ItemAggregate\nItemAggregate sink(allowSchemaDrift: true,\n\tvalidateSchema: false,\n\tinput(\n\t\tItemId as integer,\n\t\tBuyCount as integer,\n\t\tViewDetailsCount as integer,\n\t\tAddToCartCount as integer,\n\t\tVoteCount as integer\n\t),\n\tdeletable:false,\n\tinsertable:true,\n\tupdateable:false,\n\tupsertable:false,\n\trecreate:true,\n\tformat: 'document',\n\tpartitionKey: ['/id'],\n\tthroughput: 400,\n\tskipDuplicateMapInputs: true,\n\tskipDuplicateMapOutputs: true) ~> SInk"
                }
            },
            "dependsOn": []
        },
        {
            "name": "[concat(parameters('factoryName'), '/Category')]",
            "type": "Microsoft.DataFactory/factories/dataflows",
            "apiVersion": "2018-06-01",
            "properties": {
                "type": "MappingDataFlow",
                "typeProperties": {
                    "sources": [
                        {
                            "linkedService": {
                                "referenceName": "SQLDB",
                                "type": "LinkedServiceReference"
                            },
                            "name": "Category"
                        }
                    ],
                    "sinks": [
                        {
                            "dataset": {
                                "referenceName": "CosmosCategory",
                                "type": "DatasetReference"
                            },
                            "name": "CategoryCosmosDB"
                        }
                    ],
                    "transformations": [],
                    "script": "source(allowSchemaDrift: true,\n\tvalidateSchema: false,\n\tformat: 'table',\n\tstore: 'sqlserver',\n\tschemaName: 'dbo',\n\ttableName: 'Category',\n\tisolationLevel: 'READ_UNCOMMITTED') ~> Category\nCategory sink(allowSchemaDrift: true,\n\tvalidateSchema: false,\n\tinput(\n\t\tCategoryId as integer,\n\t\tCategoryName as string,\n\t\tDescription as string,\n\t\tProducts as string\n\t),\n\tdeletable:false,\n\tinsertable:true,\n\tupdateable:false,\n\tupsertable:false,\n\trecreate:true,\n\tformat: 'document',\n\tpartitionKey: ['/CategoryId'],\n\tthroughput: 400,\n\tskipDuplicateMapInputs: true,\n\tskipDuplicateMapOutputs: true) ~> CategoryCosmosDB"
                }
            },
            "dependsOn": []
        },
        {
            "name": "[concat(parameters('factoryName'), '/OrderDetailsDF')]",
            "type": "Microsoft.DataFactory/factories/dataflows",
            "apiVersion": "2018-06-01",
            "properties": {
                "type": "MappingDataFlow",
                "typeProperties": {
                    "sources": [
                        {
                            "linkedService": {
                                "referenceName": "SQLDB",
                                "type": "LinkedServiceReference"
                            },
                            "name": "OrderDetails"
                        }
                    ],
                    "sinks": [
                        {
                            "dataset": {
                                "referenceName": "CosmosOrderDetails",
                                "type": "DatasetReference"
                            },
                            "name": "CosmosOrderDetails"
                        }
                    ],
                    "transformations": [],
                    "script": "source(allowSchemaDrift: true,\n\tvalidateSchema: false,\n\tformat: 'table',\n\tstore: 'sqlserver',\n\tschemaName: 'dbo',\n\ttableName: 'OrderDetails',\n\tisolationLevel: 'READ_UNCOMMITTED') ~> OrderDetails\nOrderDetails sink(allowSchemaDrift: true,\n\tvalidateSchema: false,\n\tinput(\n\t\tOrderDetailId as integer,\n\t\tOrderId as integer,\n\t\tEmail as string,\n\t\tProductId as integer,\n\t\tQuantity as integer,\n\t\tUnitPrice as double\n\t),\n\tdeletable:false,\n\tinsertable:true,\n\tupdateable:false,\n\tupsertable:false,\n\trecreate:true,\n\tformat: 'document',\n\tpartitionKey: ['/OrderDetailId'],\n\tthroughput: 400,\n\tskipDuplicateMapInputs: true,\n\tskipDuplicateMapOutputs: true) ~> CosmosOrderDetails"
                }
            },
            "dependsOn": []
        },
        {
            "name": "[concat(parameters('factoryName'), '/EventDF')]",
            "type": "Microsoft.DataFactory/factories/dataflows",
            "apiVersion": "2018-06-01",
            "properties": {
                "type": "MappingDataFlow",
                "typeProperties": {
                    "sources": [
                        {
                            "dataset": {
                                "referenceName": "Event",
                                "type": "DatasetReference"
                            },
                            "name": "Event"
                        }
                    ],
                    "sinks": [
                        {
                            "dataset": {
                                "referenceName": "EventCosmosDB",
                                "type": "DatasetReference"
                            },
                            "name": "SInk"
                        }
                    ],
                    "transformations": [],
                    "script": "source(output(\n\t\tid as string,\n\t\tevent as string,\n\t\tuserId as integer,\n\t\titemId as integer,\n\t\torderId as integer,\n\t\tcontentId as integer,\n\t\tsessionId as string,\n\t\tcreated as timestamp,\n\t\tregion as string\n\t),\n\tallowSchemaDrift: true,\n\tvalidateSchema: false,\n\tisolationLevel: 'READ_UNCOMMITTED',\n\tformat: 'table') ~> Event\nEvent sink(allowSchemaDrift: true,\n\tvalidateSchema: false,\n\tinput(\n\t\tevent as string,\n\t\tuserId as integer,\n\t\titemId as integer,\n\t\torderId as string,\n\t\tcontentId as integer,\n\t\tsessionId as string,\n\t\tcreated as string,\n\t\tregion as string\n\t),\n\tdeletable:false,\n\tinsertable:true,\n\tupdateable:false,\n\tupsertable:false,\n\trecreate:true,\n\tformat: 'document',\n\tpartitionKey: ['/id'],\n\tthroughput: 400,\n\tskipDuplicateMapInputs: true,\n\tskipDuplicateMapOutputs: true) ~> SInk"
                }
            },
            "dependsOn": []
        },
        {
            "name": "[concat(parameters('factoryName'), '/embOrderDetails')]",
            "type": "Microsoft.DataFactory/factories/dataflows",
            "apiVersion": "2018-06-01",
            "properties": {
                "type": "MappingDataFlow",
                "typeProperties": {
                    "sources": [
                        {
                            "dataset": {
                                "referenceName": "vwembOrderDetails",
                                "type": "DatasetReference"
                            },
                            "name": "vwembOrderDetails"
                        }
                    ],
                    "sinks": [
                        {
                            "dataset": {
                                "referenceName": "embOrderDetails",
                                "type": "DatasetReference"
                            },
                            "name": "SInk"
                        }
                    ],
                    "transformations": [],
                    "script": "source(output(\n\t\tOrderId as integer,\n\t\tOrderDate as timestamp,\n\t\tFirstName as string,\n\t\tLastName as string,\n\t\tAddress as string,\n\t\tCity as string,\n\t\tState as string,\n\t\tPostalCode as string,\n\t\tCountry as string,\n\t\tPhone as string,\n\t\tSMSOptIn as boolean,\n\t\tSMSStatus as string,\n\t\tEmail as string,\n\t\tReceiptUrl as string,\n\t\tTotal as decimal(18,2),\n\t\tPaymentTransactionId as string,\n\t\tHasBeenShipped as boolean,\n\t\tOrderDetails as string\n\t),\n\tallowSchemaDrift: true,\n\tvalidateSchema: false,\n\tisolationLevel: 'READ_UNCOMMITTED',\n\tformat: 'table') ~> vwembOrderDetails\nvwembOrderDetails sink(allowSchemaDrift: true,\n\tvalidateSchema: false,\n\tdeletable:false,\n\tinsertable:true,\n\tupdateable:false,\n\tupsertable:false,\n\trecreate:true,\n\tformat: 'document',\n\tpartitionKey: ['/id'],\n\tthroughput: 400,\n\tskipDuplicateMapInputs: true,\n\tskipDuplicateMapOutputs: true) ~> SInk"
                }
            },
            "dependsOn": [
                "[concat(variables('factoryId'), '/datasets/vwembOrderDetails')]",
                "[concat(variables('factoryId'), '/datasets/embOrderDetails')]"
            ]
        },
        {
            "name": "[concat(parameters('factoryName'), '/Category_Improve')]",
            "type": "Microsoft.DataFactory/factories/dataflows",
            "apiVersion": "2018-06-01",
            "properties": {
                "type": "MappingDataFlow",
                "typeProperties": {
                    "sources": [
                        {
                            "linkedService": {
                                "referenceName": "SQLDB",
                                "type": "LinkedServiceReference"
                            },
                            "name": "Category"
                        }
                    ],
                    "sinks": [
                        {
                            "dataset": {
                                "referenceName": "Category_Improve",
                                "type": "DatasetReference"
                            },
                            "name": "CategoryCosmosDB"
                        }
                    ],
                    "transformations": [],
                    "script": "source(allowSchemaDrift: true,\n\tvalidateSchema: false,\n\tformat: 'query',\n\tstore: 'sqlserver',\n\tquery: 'SELECT [CategoryId]\\n      ,[CategoryName]\\n      ,[Description]\\n      ,[Products]\\n\t  ,\\'category\\' as partition_key\\n  FROM [dbo].[Category]',\n\tisolationLevel: 'READ_UNCOMMITTED') ~> Category\nCategory sink(allowSchemaDrift: true,\n\tvalidateSchema: false,\n\tdeletable:false,\n\tinsertable:true,\n\tupdateable:false,\n\tupsertable:false,\n\trecreate:true,\n\tformat: 'document',\n\tpartitionKey: ['/partition_key'],\n\tthroughput: 400,\n\tskipDuplicateMapInputs: true,\n\tskipDuplicateMapOutputs: true) ~> CategoryCosmosDB"
                }
            },
            "dependsOn": []
        },
        {
            "name": "[concat(parameters('factoryName'), '/CopySQL2CosmosDB')]",
            "type": "Microsoft.DataFactory/factories/pipelines",
            "apiVersion": "2018-06-01",
            "properties": {
                "activities": [
                    {
                        "name": "ForEach_txr",
                        "type": "ForEach",
                        "dependsOn": [],
                        "userProperties": [],
                        "typeProperties": {
                            "items": {
                                "value": "@pipeline().parameters.cw_items",
                                "type": "Expression"
                            },
                            "activities": [
                                {
                                    "name": "Copy_txr",
                                    "type": "Copy",
                                    "dependsOn": [],
                                    "policy": {
                                        "timeout": "7.00:00:00",
                                        "retry": 0,
                                        "retryIntervalInSeconds": 30,
                                        "secureOutput": false,
                                        "secureInput": false
                                    },
                                    "userProperties": [
                                        {
                                            "name": "Source",
                                            "value": "dbo.@{item().source.table}"
                                        },
                                        {
                                            "name": "Destination",
                                            "value": "@{item().destination.collectionName}"
                                        }
                                    ],
                                    "typeProperties": {
                                        "source": {
                                            "type": "AzureSqlSource",
                                            "partitionOption": "None"
                                        },
                                        "sink": {
                                            "type": "CosmosDbSqlApiSink",
                                            "writeBehavior": "insert",
                                            "disableMetricsCollection": false
                                        },
                                        "enableStaging": false,
                                        "validateDataConsistency": false
                                    },
                                    "inputs": [
                                        {
                                            "referenceName": "SourceDataset_txr",
                                            "type": "DatasetReference",
                                            "parameters": {
                                                "cw_table": "@item().source.table"
                                            }
                                        }
                                    ],
                                    "outputs": [
                                        {
                                            "referenceName": "DestinationDataset_txr",
                                            "type": "DatasetReference",
                                            "parameters": {
                                                "cw_collectionName": "@item().destination.collectionName"
                                            }
                                        }
                                    ]
                                }
                            ]
                        }
                    }
                ],
                "policy": {
                    "elapsedTimeMetric": {},
                    "cancelAfter": {}
                },
                "parameters": {
                    "cw_items": {
                        "type": "Array",
                        "defaultValue": [
                            {
                                "source": {
                                    "table": "Cartitem"
                                },
                                "destination": {
                                    "collectionName": "Cartitem"
                                }
                            },
                            {
                                "source": {
                                    "table": "Category"
                                },
                                "destination": {
                                    "collectionName": "Category"
                                }
                            },
                            {
                                "source": {
                                    "table": "Event"
                                },
                                "destination": {
                                    "collectionName": "Event"
                                }
                            },
                            {
                                "source": {
                                    "table": "Item"
                                },
                                "destination": {
                                    "collectionName": "Item"
                                }
                            },
                            {
                                "source": {
                                    "table": "ItemAggregate"
                                },
                                "destination": {
                                    "collectionName": "ItemAggregate"
                                }
                            },
                            {
                                "source": {
                                    "table": "OrderDetails"
                                },
                                "destination": {
                                    "collectionName": "OrderDetails"
                                }
                            },
                            {
                                "source": {
                                    "table": "Orders"
                                },
                                "destination": {
                                    "collectionName": "Orders"
                                }
                            },
                            {
                                "source": {
                                    "table": "User"
                                },
                                "destination": {
                                    "collectionName": "User"
                                }
                            }
                        ]
                    }
                },
                "annotations": [],
                "lastPublishTime": "2021-10-26T09:32:57Z"
            },
            "dependsOn": []
        },
        {
            "name": "[concat(parameters('factoryName'), '/Cartitem')]",
            "type": "Microsoft.DataFactory/factories/pipelines",
            "apiVersion": "2018-06-01",
            "properties": {
                "activities": [
                    {
                        "name": "Cartitem",
                        "type": "Copy",
                        "dependsOn": [],
                        "policy": {
                            "timeout": "7.00:00:00",
                            "retry": 0,
                            "retryIntervalInSeconds": 30,
                            "secureOutput": false,
                            "secureInput": false
                        },
                        "userProperties": [],
                        "typeProperties": {
                            "source": {
                                "type": "AzureSqlSource",
                                "sqlReaderQuery": "SELECT [CartItemId]\n      ,[CartId]\n      ,[ItemId]\n      ,[Quantity]\n      ,[DateCreated]\n\t  ,[CartItemId] as id\n  FROM [dbo].[Cartitem]",
                                "queryTimeout": "02:00:00",
                                "partitionOption": "None"
                            },
                            "sink": {
                                "type": "CosmosDbSqlApiSink",
                                "writeBehavior": "upsert",
                                "disableMetricsCollection": false
                            },
                            "enableStaging": false,
                            "translator": {
                                "type": "TabularTranslator",
                                "mappings": [
                                    {
                                        "source": {
                                            "name": "CartItemId",
                                            "type": "String"
                                        },
                                        "sink": {
                                            "path": "$['CartItemId']"
                                        }
                                    },
                                    {
                                        "source": {
                                            "name": "CartId",
                                            "type": "String"
                                        },
                                        "sink": {
                                            "path": "$['CartId']"
                                        }
                                    },
                                    {
                                        "source": {
                                            "name": "ItemId",
                                            "type": "Int32"
                                        },
                                        "sink": {
                                            "path": "$['ItemId']"
                                        }
                                    },
                                    {
                                        "source": {
                                            "name": "Quantity",
                                            "type": "Int32"
                                        },
                                        "sink": {
                                            "path": "$['Quantity']"
                                        }
                                    },
                                    {
                                        "source": {
                                            "name": "DateCreated",
                                            "type": "DateTime"
                                        },
                                        "sink": {
                                            "path": "$['DateCreated']"
                                        }
                                    },
                                    {
                                        "source": {
                                            "name": "id",
                                            "type": "String"
                                        },
                                        "sink": {
                                            "path": "$['id']"
                                        }
                                    }
                                ]
                            }
                        },
                        "inputs": [
                            {
                                "referenceName": "Cartitem",
                                "type": "DatasetReference",
                                "parameters": {}
                            }
                        ],
                        "outputs": [
                            {
                                "referenceName": "CartitemCosmosDB",
                                "type": "DatasetReference",
                                "parameters": {}
                            }
                        ]
                    }
                ],
                "policy": {
                    "elapsedTimeMetric": {},
                    "cancelAfter": {}
                },
                "annotations": [],
                "lastPublishTime": "2021-10-26T09:28:05Z"
            },
            "dependsOn": []
        },
        {
            "name": "[concat(parameters('factoryName'), '/TestEmbedOrdersDetailsPipeline')]",
            "type": "Microsoft.DataFactory/factories/pipelines",
            "apiVersion": "2018-06-01",
            "properties": {
                "activities": [
                    {
                        "name": "SQLToJsonToBlobText",
                        "type": "Copy",
                        "dependsOn": [],
                        "policy": {
                            "timeout": "7.00:00:00",
                            "retry": 0,
                            "retryIntervalInSeconds": 30,
                            "secureOutput": false,
                            "secureInput": false
                        },
                        "userProperties": [],
                        "typeProperties": {
                            "source": {
                                "type": "AzureSqlSource",
                                "sqlReaderQuery": "SELECT [value] From OPENJSON (\n\t   (select id=o.[OrderId]\n      ,o.[OrderDate]SQLToJson\n      ,o.[FirstName]\n      ,o.[LastName]\n      ,o.[Address]\n      ,o.[City]\n      ,o.[State]\n      ,o.[PostalCode]\n      ,o.[Country]\n      ,o.[Phone]\n      ,o.[SMSOptIn]\n      ,o.[SMSStatus]\n      ,o.[Email]\n      ,o.[ReceiptUrl]\n      ,o.[Total]\n      ,o.[PaymentTransactionId]\n      ,o.[HasBeenShipped]\n\t  , (SELECT [OrderDetailId] ,[OrderId],[Email],[ProductId],[Quantity],[UnitPrice] FROM [dbo].[OrderDetails] od where od.OrderId = o.[OrderId] for json auto) as OrderDetails\n  FROM Orders o FOR JSON PATH))",
                                "queryTimeout": "02:00:00",
                                "partitionOption": "None"
                            },
                            "sink": {
                                "type": "DelimitedTextSink",
                                "storeSettings": {
                                    "type": "AzureBlobStorageWriteSettings"
                                },
                                "formatSettings": {
                                    "type": "DelimitedTextWriteSettings",
                                    "quoteAllText": true,
                                    "fileExtension": ".txt"
                                }
                            },
                            "enableStaging": false,
                            "translator": {
                                "type": "TabularTranslator",
                                "typeConversion": true,
                                "typeConversionSettings": {
                                    "allowDataTruncation": true,
                                    "treatBooleanAsNumber": false
                                }
                            }
                        },
                        "inputs": [
                            {
                                "referenceName": "SQLToJson",
                                "type": "DatasetReference",
                                "parameters": {}
                            }
                        ],
                        "outputs": [
                            {
                                "referenceName": "SQLToJsonDelimitedText",
                                "type": "DatasetReference",
                                "parameters": {}
                            }
                        ]
                    },
                    {
                        "name": "BlobJsonToCosmosDB",
                        "type": "Copy",
                        "dependsOn": [
                            {
                                "activity": "SQLToJsonToBlobText",
                                "dependencyConditions": [
                                    "Succeeded"
                                ]
                            }
                        ],
                        "policy": {
                            "timeout": "7.00:00:00",
                            "retry": 0,
                            "retryIntervalInSeconds": 30,
                            "secureOutput": false,
                            "secureInput": false
                        },
                        "userProperties": [],
                        "typeProperties": {
                            "source": {
                                "type": "JsonSource",
                                "storeSettings": {
                                    "type": "AzureBlobStorageReadSettings",
                                    "recursive": true,
                                    "enablePartitionDiscovery": false
                                },
                                "formatSettings": {
                                    "type": "JsonReadSettings"
                                }
                            },
                            "sink": {
                                "type": "CosmosDbSqlApiSink",
                                "writeBehavior": "insert"
                            },
                            "enableStaging": false
                        },
                        "inputs": [
                            {
                                "referenceName": "Json",
                                "type": "DatasetReference",
                                "parameters": {}
                            }
                        ],
                        "outputs": [
                            {
                                "referenceName": "CosmosDbSqlApiCollection1",
                                "type": "DatasetReference",
                                "parameters": {}
                            }
                        ]
                    }
                ],
                "policy": {
                    "elapsedTimeMetric": {},
                    "cancelAfter": {}
                },
                "annotations": [],
                "lastPublishTime": "2021-10-26T17:47:21Z"
            },
            "dependsOn": [
                "[concat(variables('factoryId'), '/datasets/SQLToJson')]",
                "[concat(variables('factoryId'), '/datasets/SQLToJsonDelimitedText')]",
                "[concat(variables('factoryId'), '/datasets/Json')]",
                "[concat(variables('factoryId'), '/datasets/CosmosDbSqlApiCollection1')]"
            ]
        }
    ]
}