{
    "$schema": "http://schema.management.azure.com/schemas/2015-01-01/deploymentTemplate.json#",
    "contentVersion": "1.0.0.0",
    "parameters": {
        "factoryName": {
            "type": "string",
            "metadata": "Data Factory name",
            "defaultValue": "team2datafactoryoh"
        }
    },
    "variables": {
        "factoryId": "[concat('Microsoft.DataFactory/factories/', parameters('factoryName'))]"
    },
    "resources": [
        {
            "name": "[concat(parameters('factoryName'), '/Team2JSON')]",
            "type": "Microsoft.DataFactory/factories/datasets",
            "apiVersion": "2018-06-01",
            "properties": {
                "linkedServiceName": {
                    "referenceName": "ADLSTeam2",
                    "type": "LinkedServiceReference"
                },
                "annotations": [],
                "type": "Json",
                "typeProperties": {
                    "location": {
                        "type": "AzureBlobFSLocation",
                        "fileName": "embFile.json",
                        "fileSystem": "json"
                    }
                },
                "schema": {}
            },
            "dependsOn": []
        },
        {
            "name": "[concat(parameters('factoryName'), '/JsonData')]",
            "type": "Microsoft.DataFactory/factories/datasets",
            "apiVersion": "2018-06-01",
            "properties": {
                "linkedServiceName": {
                    "referenceName": "ADLSTeam2",
                    "type": "LinkedServiceReference"
                },
                "annotations": [],
                "type": "Json",
                "typeProperties": {
                    "location": {
                        "type": "AzureBlobFSLocation",
                        "fileName": "embFile.json",
                        "fileSystem": "json"
                    }
                },
                "schema": {
                    "type": "object",
                    "properties": {
                        "OrderId": {
                            "type": "integer"
                        },
                        "OrderDate": {
                            "type": "string"
                        },
                        "FirstName": {
                            "type": "string"
                        },
                        "LastName": {
                            "type": "string"
                        },
                        "Address": {
                            "type": "string"
                        },
                        "City": {
                            "type": "string"
                        },
                        "State": {
                            "type": "string"
                        },
                        "PostalCode": {
                            "type": "string"
                        },
                        "Country": {
                            "type": "string"
                        },
                        "Phone": {
                            "type": "string"
                        },
                        "SMSOptIn": {
                            "type": "boolean"
                        },
                        "SMSStatus": {
                            "type": "null"
                        },
                        "Email": {
                            "type": "string"
                        },
                        "ReceiptUrl": {
                            "type": "null"
                        },
                        "Total": {
                            "type": "number"
                        },
                        "PaymentTransactionId": {
                            "type": "string"
                        },
                        "HasBeenShipped": {
                            "type": "boolean"
                        },
                        "OrderDetails": {
                            "type": "string"
                        }
                    }
                }
            },
            "dependsOn": []
        },
        {
            "name": "[concat(parameters('factoryName'), '/JSONCSV')]",
            "type": "Microsoft.DataFactory/factories/datasets",
            "apiVersion": "2018-06-01",
            "properties": {
                "linkedServiceName": {
                    "referenceName": "ADLSTeam2",
                    "type": "LinkedServiceReference"
                },
                "annotations": [],
                "type": "DelimitedText",
                "typeProperties": {
                    "location": {
                        "type": "AzureBlobFSLocation",
                        "fileName": "jsoncsv.json",
                        "fileSystem": "json"
                    },
                    "columnDelimiter": "\t",
                    "escapeChar": "\\",
                    "firstRowAsHeader": false,
                    "quoteChar": ""
                },
                "schema": []
            },
            "dependsOn": []
        },
        {
            "name": "[concat(parameters('factoryName'), '/JSONCosmos')]",
            "type": "Microsoft.DataFactory/factories/datasets",
            "apiVersion": "2018-06-01",
            "properties": {
                "linkedServiceName": {
                    "referenceName": "ADLSTeam2",
                    "type": "LinkedServiceReference"
                },
                "annotations": [],
                "type": "Json",
                "typeProperties": {
                    "location": {
                        "type": "AzureBlobFSLocation",
                        "fileName": "jsoncsv.json",
                        "fileSystem": "json"
                    }
                },
                "schema": {
                    "type": "object",
                    "properties": {
                        "OrderId": {
                            "type": "integer"
                        },
                        "OrderDate": {
                            "type": "string"
                        },
                        "OrderDetails": {
                            "type": "object",
                            "properties": {
                                "OrderDetailId": {
                                    "type": "integer"
                                },
                                "ProductId": {
                                    "type": "integer"
                                },
                                "Quantity": {
                                    "type": "integer"
                                },
                                "UnitPrice": {
                                    "type": "number"
                                }
                            }
                        }
                    }
                }
            },
            "dependsOn": []
        },
        {
            "name": "[concat(parameters('factoryName'), '/ItemCategory')]",
            "type": "Microsoft.DataFactory/factories/pipelines",
            "apiVersion": "2018-06-01",
            "properties": {
                "activities": [
                    {
                        "name": "Copy new Item",
                        "type": "Copy",
                        "dependsOn": [],
                        "policy": {
                            "timeout": "7.00:00:00",
                            "retry": 0,
                            "retryIntervalInSeconds": 30,
                            "secureOutput": false,
                            "secureInput": false
                        },
                        "userProperties": [],
                        "typeProperties": {
                            "source": {
                                "type": "AzureSqlSource",
                                "sqlReaderQuery": "SELECT [ItemId]\n      ,[VoteCount]\n      ,[ProductName]\n      ,[ImdbId]\n      ,i.[Description]\n      ,[ImagePath]\n      ,[ThumbnailPath]\n      ,[UnitPrice]\n      ,i.[CategoryId]\n      ,c.[CategoryName] Category\n      ,[Popularity]\n      ,[OriginalLanguage]\n      ,[ReleaseDate]\n      ,[VoteAverage]\nfrom [dbo].[Item] i\njoin [dbo].[Category] c on i.CategoryId = i.CategoryId",
                                "queryTimeout": "02:00:00",
                                "partitionOption": "None"
                            },
                            "sink": {
                                "type": "CosmosDbSqlApiSink",
                                "writeBehavior": "insert"
                            },
                            "enableStaging": false
                        },
                        "inputs": [
                            {
                                "referenceName": "ItemSQL",
                                "type": "DatasetReference",
                                "parameters": {}
                            }
                        ],
                        "outputs": [
                            {
                                "referenceName": "ItemCategory",
                                "type": "DatasetReference",
                                "parameters": {}
                            }
                        ]
                    }
                ],
                "policy": {
                    "elapsedTimeMetric": {},
                    "cancelAfter": {}
                },
                "annotations": []
            },
            "dependsOn": []
        },
        {
            "name": "[concat(parameters('factoryName'), '/MigrateSQL2CosmosDB')]",
            "type": "Microsoft.DataFactory/factories/pipelines",
            "apiVersion": "2018-06-01",
            "properties": {
                "activities": [
                    {
                        "name": "Orders DF",
                        "type": "ExecuteDataFlow",
                        "dependsOn": [],
                        "policy": {
                            "timeout": "1.00:00:00",
                            "retry": 0,
                            "retryIntervalInSeconds": 30,
                            "secureOutput": false,
                            "secureInput": false
                        },
                        "userProperties": [],
                        "typeProperties": {
                            "dataflow": {
                                "referenceName": "OrdersDF",
                                "type": "DataFlowReference",
                                "parameters": {},
                                "datasetParameters": {
                                    "SQLOrders": {},
                                    "CosmosOrders": {}
                                }
                            },
                            "staging": {},
                            "integrationRuntime": {
                                "referenceName": "AzureIR",
                                "type": "IntegrationRuntimeReference"
                            },
                            "traceLevel": "Fine"
                        }
                    },
                    {
                        "name": "Cartitem",
                        "type": "ExecuteDataFlow",
                        "dependsOn": [],
                        "policy": {
                            "timeout": "1.00:00:00",
                            "retry": 0,
                            "retryIntervalInSeconds": 30,
                            "secureOutput": false,
                            "secureInput": false
                        },
                        "userProperties": [],
                        "typeProperties": {
                            "dataflow": {
                                "referenceName": "CartitemDF",
                                "type": "DataFlowReference",
                                "parameters": {},
                                "datasetParameters": {
                                    "Cartitem": {},
                                    "SInk": {}
                                }
                            },
                            "staging": {},
                            "integrationRuntime": {
                                "referenceName": "AzureIR",
                                "type": "IntegrationRuntimeReference"
                            },
                            "traceLevel": "Fine"
                        }
                    },
                    {
                        "name": "Category",
                        "type": "ExecuteDataFlow",
                        "dependsOn": [],
                        "policy": {
                            "timeout": "1.00:00:00",
                            "retry": 0,
                            "retryIntervalInSeconds": 30,
                            "secureOutput": false,
                            "secureInput": false
                        },
                        "userProperties": [],
                        "typeProperties": {
                            "dataflow": {
                                "referenceName": "Category",
                                "type": "DataFlowReference",
                                "parameters": {},
                                "datasetParameters": {
                                    "Category": {},
                                    "CategoryCosmosDB": {}
                                }
                            },
                            "staging": {},
                            "integrationRuntime": {
                                "referenceName": "AzureIR",
                                "type": "IntegrationRuntimeReference"
                            },
                            "traceLevel": "Fine"
                        }
                    },
                    {
                        "name": "Event",
                        "type": "ExecuteDataFlow",
                        "dependsOn": [],
                        "policy": {
                            "timeout": "1.00:00:00",
                            "retry": 0,
                            "retryIntervalInSeconds": 30,
                            "secureOutput": false,
                            "secureInput": false
                        },
                        "userProperties": [],
                        "typeProperties": {
                            "dataflow": {
                                "referenceName": "EventDF",
                                "type": "DataFlowReference",
                                "parameters": {},
                                "datasetParameters": {
                                    "Event": {},
                                    "SInk": {}
                                }
                            },
                            "staging": {},
                            "integrationRuntime": {
                                "referenceName": "AzureIR",
                                "type": "IntegrationRuntimeReference"
                            },
                            "traceLevel": "Fine"
                        }
                    },
                    {
                        "name": "Item",
                        "type": "ExecuteDataFlow",
                        "dependsOn": [],
                        "policy": {
                            "timeout": "1.00:00:00",
                            "retry": 0,
                            "retryIntervalInSeconds": 30,
                            "secureOutput": false,
                            "secureInput": false
                        },
                        "userProperties": [],
                        "typeProperties": {
                            "dataflow": {
                                "referenceName": "ItemDF",
                                "type": "DataFlowReference",
                                "parameters": {},
                                "datasetParameters": {
                                    "Item": {},
                                    "SInk": {}
                                }
                            },
                            "staging": {},
                            "integrationRuntime": {
                                "referenceName": "AzureIR",
                                "type": "IntegrationRuntimeReference"
                            },
                            "traceLevel": "Fine"
                        }
                    },
                    {
                        "name": "ItemAggregate",
                        "type": "ExecuteDataFlow",
                        "dependsOn": [],
                        "policy": {
                            "timeout": "1.00:00:00",
                            "retry": 0,
                            "retryIntervalInSeconds": 30,
                            "secureOutput": false,
                            "secureInput": false
                        },
                        "userProperties": [],
                        "typeProperties": {
                            "dataflow": {
                                "referenceName": "ItemAggregateDF",
                                "type": "DataFlowReference",
                                "parameters": {},
                                "datasetParameters": {
                                    "ItemAggregate": {},
                                    "SInk": {}
                                }
                            },
                            "staging": {},
                            "integrationRuntime": {
                                "referenceName": "AzureIR",
                                "type": "IntegrationRuntimeReference"
                            },
                            "traceLevel": "Fine"
                        }
                    },
                    {
                        "name": "OrderDetails",
                        "type": "ExecuteDataFlow",
                        "dependsOn": [],
                        "policy": {
                            "timeout": "1.00:00:00",
                            "retry": 0,
                            "retryIntervalInSeconds": 30,
                            "secureOutput": false,
                            "secureInput": false
                        },
                        "userProperties": [],
                        "typeProperties": {
                            "dataflow": {
                                "referenceName": "OrderDetailsDF",
                                "type": "DataFlowReference",
                                "parameters": {},
                                "datasetParameters": {
                                    "OrderDetails": {},
                                    "CosmosOrderDetails": {}
                                }
                            },
                            "staging": {},
                            "integrationRuntime": {
                                "referenceName": "AzureIR",
                                "type": "IntegrationRuntimeReference"
                            },
                            "traceLevel": "Fine"
                        }
                    },
                    {
                        "name": "User",
                        "type": "ExecuteDataFlow",
                        "dependsOn": [],
                        "policy": {
                            "timeout": "1.00:00:00",
                            "retry": 0,
                            "retryIntervalInSeconds": 30,
                            "secureOutput": false,
                            "secureInput": false
                        },
                        "userProperties": [],
                        "typeProperties": {
                            "dataflow": {
                                "referenceName": "UsersDF",
                                "type": "DataFlowReference",
                                "parameters": {},
                                "datasetParameters": {
                                    "SQLUsers": {},
                                    "CosmosUser": {}
                                }
                            },
                            "staging": {},
                            "integrationRuntime": {
                                "referenceName": "AzureIR",
                                "type": "IntegrationRuntimeReference"
                            },
                            "traceLevel": "Fine"
                        }
                    }
                ],
                "policy": {
                    "elapsedTimeMetric": {},
                    "cancelAfter": {}
                },
                "annotations": [],
                "lastPublishTime": "2021-10-26T10:08:25Z"
            },
            "dependsOn": []
        },
        {
            "name": "[concat(parameters('factoryName'), '/NewImprove')]",
            "type": "Microsoft.DataFactory/factories/pipelines",
            "apiVersion": "2018-06-01",
            "properties": {
                "activities": [
                    {
                        "name": "embOrderDetails",
                        "type": "ExecuteDataFlow",
                        "dependsOn": [],
                        "policy": {
                            "timeout": "1.00:00:00",
                            "retry": 0,
                            "retryIntervalInSeconds": 30,
                            "secureOutput": false,
                            "secureInput": false
                        },
                        "userProperties": [],
                        "typeProperties": {
                            "dataflow": {
                                "referenceName": "embOrderDetails",
                                "type": "DataFlowReference",
                                "parameters": {},
                                "datasetParameters": {
                                    "vwembOrderDetails": {},
                                    "SInk": {}
                                }
                            },
                            "staging": {},
                            "integrationRuntime": {
                                "referenceName": "AzureIR",
                                "type": "IntegrationRuntimeReference"
                            },
                            "traceLevel": "Fine"
                        }
                    },
                    {
                        "name": "Category_Improve",
                        "type": "ExecuteDataFlow",
                        "dependsOn": [],
                        "policy": {
                            "timeout": "1.00:00:00",
                            "retry": 0,
                            "retryIntervalInSeconds": 30,
                            "secureOutput": false,
                            "secureInput": false
                        },
                        "userProperties": [],
                        "typeProperties": {
                            "dataflow": {
                                "referenceName": "Category_Improve",
                                "type": "DataFlowReference",
                                "parameters": {},
                                "datasetParameters": {
                                    "Category": {},
                                    "CategoryCosmosDB": {}
                                }
                            },
                            "staging": {},
                            "integrationRuntime": {
                                "referenceName": "AzureIR",
                                "type": "IntegrationRuntimeReference"
                            },
                            "traceLevel": "Fine"
                        }
                    }
                ],
                "policy": {
                    "elapsedTimeMetric": {},
                    "cancelAfter": {}
                },
                "annotations": [],
                "lastPublishTime": "2021-10-26T13:10:57Z"
            },
            "dependsOn": []
        },
        {
            "name": "[concat(parameters('factoryName'), '/embOrderDetails')]",
            "type": "Microsoft.DataFactory/factories/pipelines",
            "apiVersion": "2018-06-01",
            "properties": {
                "activities": [
                    {
                        "name": "Copy data3",
                        "type": "Copy",
                        "dependsOn": [],
                        "policy": {
                            "timeout": "7.00:00:00",
                            "retry": 0,
                            "retryIntervalInSeconds": 30,
                            "secureOutput": false,
                            "secureInput": false
                        },
                        "userProperties": [],
                        "typeProperties": {
                            "source": {
                                "type": "AzureSqlSource",
                                "sqlReaderQuery": "SELECT [value] From OPENJSON (\n\t   (select id=o.[OrderId],o.[OrderId]\n      ,o.[OrderDate]\n      ,o.[FirstName]\n      ,o.[LastName]\n      ,o.[Address]\n      ,o.[City]\n      ,o.[State]\n      ,o.[PostalCode]\n      ,o.[Country]\n      ,o.[Phone]\n      ,o.[SMSOptIn]\n      ,o.[SMSStatus]\n      ,o.[Email]\n      ,o.[ReceiptUrl]\n      ,o.[Total]\n      ,o.[PaymentTransactionId]\n      ,o.[HasBeenShipped]\n\t  , (SELECT [OrderDetailId] ,[ProductId],[Quantity],[UnitPrice] FROM [dbo].[OrderDetails] od where od.OrderId = o.[OrderId] for json auto) as OrderDetails\n  FROM Orders o FOR JSON PATH)\n  )",
                                "queryTimeout": "02:00:00",
                                "partitionOption": "None"
                            },
                            "sink": {
                                "type": "DelimitedTextSink",
                                "storeSettings": {
                                    "type": "AzureBlobFSWriteSettings"
                                },
                                "formatSettings": {
                                    "type": "DelimitedTextWriteSettings",
                                    "quoteAllText": true,
                                    "fileExtension": ".txt"
                                }
                            },
                            "enableStaging": false
                        },
                        "inputs": [
                            {
                                "referenceName": "vwembOrderDetails",
                                "type": "DatasetReference",
                                "parameters": {}
                            }
                        ],
                        "outputs": [
                            {
                                "referenceName": "JSONCSV",
                                "type": "DatasetReference",
                                "parameters": {}
                            }
                        ]
                    },
                    {
                        "name": "Copy data4",
                        "type": "Copy",
                        "dependsOn": [
                            {
                                "activity": "Copy data3",
                                "dependencyConditions": [
                                    "Succeeded"
                                ]
                            }
                        ],
                        "policy": {
                            "timeout": "7.00:00:00",
                            "retry": 0,
                            "retryIntervalInSeconds": 30,
                            "secureOutput": false,
                            "secureInput": false
                        },
                        "userProperties": [],
                        "typeProperties": {
                            "source": {
                                "type": "JsonSource",
                                "storeSettings": {
                                    "type": "AzureBlobFSReadSettings",
                                    "recursive": true,
                                    "enablePartitionDiscovery": false
                                },
                                "formatSettings": {
                                    "type": "JsonReadSettings"
                                }
                            },
                            "sink": {
                                "type": "CosmosDbSqlApiSink",
                                "writeBehavior": "upsert",
                                "disableMetricsCollection": false
                            },
                            "enableStaging": false
                        },
                        "inputs": [
                            {
                                "referenceName": "JSONCosmos",
                                "type": "DatasetReference",
                                "parameters": {}
                            }
                        ],
                        "outputs": [
                            {
                                "referenceName": "embOrderDetails",
                                "type": "DatasetReference",
                                "parameters": {}
                            }
                        ]
                    }
                ],
                "policy": {
                    "elapsedTimeMetric": {},
                    "cancelAfter": {}
                },
                "annotations": [],
                "lastPublishTime": "2021-10-27T07:05:53Z"
            },
            "dependsOn": [
                "[concat(variables('factoryId'), '/datasets/JSONCSV')]",
                "[concat(variables('factoryId'), '/datasets/JSONCosmos')]"
            ]
        }
    ]
}