{
    "$schema": "http://schema.management.azure.com/schemas/2015-01-01/deploymentTemplate.json#",
    "contentVersion": "1.0.0.0",
    "parameters": {
        "factoryName": {
            "type": "string",
            "metadata": "Data Factory name",
            "defaultValue": "team2datafactoryoh"
        },
        "SQLDB_connectionString": {
            "type": "secureString",
            "metadata": "Secure string for 'connectionString' of 'SQLDB'"
        },
        "cosmosDB_connectionString": {
            "type": "secureString",
            "metadata": "Secure string for 'connectionString' of 'cosmosDB'"
        },
        "ADLSTeam2_accountKey": {
            "type": "secureString",
            "metadata": "Secure string for 'accountKey' of 'ADLSTeam2'"
        },
        "AzureBlobStorage_connectionString": {
            "type": "secureString",
            "metadata": "Secure string for 'connectionString' of 'AzureBlobStorage'"
        },
        "ADLSTeam2_properties_typeProperties_url": {
            "type": "string",
            "defaultValue": "https://team2storage.dfs.core.windows.net"
        },
        "containerUri": {
            "type": "string",
            "metadata": "URI to storage account containing linked ARM templates"
        },
        "containerSasToken": {
            "type": "string",
            "metadata": "Sas token to storage account containing linked ARM templates"
        }
    },
    "variables": {
        "factoryId": "[concat('Microsoft.DataFactory/factories/', parameters('factoryName'))]"
    },
    "resources": [
        {
            "name": "team2datafactoryoh_ArmTemplate_0",
            "type": "Microsoft.Resources/deployments",
            "apiVersion": "2018-02-01",
            "properties": {
                "mode": "incremental",
                "templateLink": {
                    "uri": "[concat(parameters('containerUri'), '/ArmTemplate_0.json', parameters('containerSasToken'))]",
                    "contentVersion": "1.0.0.0"
                },
                "parameters": {
                    "factoryName": {
                        "value": "[parameters('factoryName')]"
                    },
                    "SQLDB_connectionString": {
                        "value": "[parameters('SQLDB_connectionString')]"
                    },
                    "cosmosDB_connectionString": {
                        "value": "[parameters('cosmosDB_connectionString')]"
                    },
                    "AzureBlobStorage_connectionString": {
                        "value": "[parameters('AzureBlobStorage_connectionString')]"
                    },
                    "ADLSTeam2_accountKey": {
                        "value": "[parameters('ADLSTeam2_accountKey')]"
                    },
                    "ADLSTeam2_properties_typeProperties_url": {
                        "value": "[parameters('ADLSTeam2_properties_typeProperties_url')]"
                    }
                }
            },
            "dependsOn": []
        },
        {
            "name": "team2datafactoryoh_ArmTemplate_1",
            "type": "Microsoft.Resources/deployments",
            "apiVersion": "2018-02-01",
            "properties": {
                "mode": "incremental",
                "templateLink": {
                    "uri": "[concat(parameters('containerUri'), '/ArmTemplate_1.json', parameters('containerSasToken'))]",
                    "contentVersion": "1.0.0.0"
                },
                "parameters": {
                    "factoryName": {
                        "value": "[parameters('factoryName')]"
                    }
                }
            },
            "dependsOn": [
                "[resourceId('Microsoft.Resources/deployments', 'team2datafactoryoh_ArmTemplate_0')]"
            ]
        },
        {
            "name": "team2datafactoryoh_ArmTemplate_2",
            "type": "Microsoft.Resources/deployments",
            "apiVersion": "2018-02-01",
            "properties": {
                "mode": "incremental",
                "templateLink": {
                    "uri": "[concat(parameters('containerUri'), '/ArmTemplate_2.json', parameters('containerSasToken'))]",
                    "contentVersion": "1.0.0.0"
                },
                "parameters": {
                    "factoryName": {
                        "value": "[parameters('factoryName')]"
                    }
                }
            },
            "dependsOn": [
                "[resourceId('Microsoft.Resources/deployments', 'team2datafactoryoh_ArmTemplate_1')]"
            ]
        }
    ]
}