{
    "$schema": "https://schema.management.azure.com/schemas/2015-01-01/deploymentParameters.json#",
    "contentVersion": "1.0.0.0",
    "parameters": {
        "factoryName": {
            "value": "team2datafactoryoh"
        },
        "SQLDB_connectionString": {
            "value": ""
        },
        "cosmosDB_connectionString": {
            "value": ""
        },
        "ADLSTeam2_accountKey": {
            "value": ""
        },
        "AzureBlobStorage_connectionString": {
            "value": ""
        },
        "ADLSTeam2_properties_typeProperties_url": {
            "value": "https://team2storage.dfs.core.windows.net"
        }
    }
}